Predictions,Ground Truth
Mac OS,Mac OS
Windows,Windows
Windows,Windows
Mac OS,Windows
Windows,Windows
iOS,iOS
iOS,Android
Mac OS,Mac OS
Mac OS,Mac OS
Android,Android
Windows,Windows
Android,Android
Android,Android
Windows,Windows
iOS,Mac OS
Mac OS,Mac OS
Windows,Windows
iOS,iOS
Windows,Windows
Mac OS,Mac OS
Windows,Windows
Android,iOS
Android,Android
Windows,Windows
Android,Android
Android,iOS
Windows,Windows
Mac OS,Mac OS
Android,Android
Windows,Windows
Android,Android
Mac OS,Mac OS
Windows,Windows
Windows,Windows
Mac OS,Mac OS
Android,Android
Windows,Windows
iOS,iOS
Windows,Windows
iOS,Mac OS
Android,Android
Windows,Windows
Mac OS,Mac OS
Mac OS,Mac OS
Windows,Windows
Windows,Windows
Android,Android
Android,Android
Windows Phone,Windows
Android,Android
Mac OS,Mac OS
Windows,Windows
Android,Android
iOS,iOS
Mac OS,Mac OS
Windows,Windows Phone
Mac OS,Mac OS
Windows,Windows
iOS,Android
Android,Android
Android,Android
Windows,Windows
Mac OS,Mac OS
Mac OS,Mac OS
Android,Android
Windows,Windows
iOS,Mac OS
Windows,Windows
Windows,Windows
iOS,Mac OS
Android,Android
Android,Android
Android,Android
Windows,Windows Phone
Android,Android
Android,Android
iOS,iOS
Mac OS,Mac OS
Windows,Windows
Android,Android
Android,iOS
Android,Android
Android,Android
Windows,Windows
Android,Android
Windows,Windows
Android,Android
Windows,Windows Phone
Windows,Windows
Windows,Windows
Android,Android
iOS,iOS
iOS,iOS
iOS,iOS
Android,Android
Android,Android
Windows,Windows
Windows Phone,Windows
Android,Android
Windows,Windows
Android,Android
Android,iOS
Android,Android
Android,Android
Android,Android
Android,Android
Android,Android
Mac OS,Mac OS
Windows Phone,Windows
Mac OS,Mac OS
Windows,Windows
iOS,Android
Windows,Windows
Windows,Windows
Windows,Windows
Windows,Windows
Windows Phone,Windows Phone
Windows,Windows
Android,Android
Windows,Windows
Android,Android
Mac OS,Mac OS
Mac OS,Mac OS
Android,Android
Android,Android
Android,Android
Windows,Windows
Android,Android
Android,Android
Mac OS,Mac OS
Android,Android
Windows,Windows
Android,Android
Android,Android
Android,Android
iOS,iOS
Android,Android
Mac OS,Mac OS
Windows,Windows
iOS,Mac OS
Windows Phone,Windows Phone
Android,Android
Windows,Windows
Windows,Windows
Mac OS,Mac OS
Windows,Windows
Mac OS,Mac OS
Windows,Windows
Mac OS,Mac OS
Mac OS,Mac OS
Windows,Windows
Windows,Windows
Android,Android
Windows,Windows
Windows,Windows
Windows,Windows
Windows,Windows
Android,Android
Mac OS,Mac OS
Mac OS,iOS
Windows,Windows
Windows,Windows
Windows,Windows
Windows Phone,Windows Phone
Windows,Windows
iOS,iOS
Windows,Windows
Mac OS,Windows
Mac OS,Mac OS
Windows,Windows
iOS,Mac OS
Windows Phone,Windows Phone
Android,Android
Android,Android
Mac OS,Mac OS
Android,Android
Android,Android
Mac OS,iOS
iOS,Mac OS
Mac OS,Android
Android,Android
Android,Android
Android,Android
Windows,Windows
Mac OS,Mac OS
Windows,Windows
iOS,iOS
Mac OS,Mac OS
Mac OS,Mac OS
Windows,Windows
Mac OS,Mac OS
Mac OS,Mac OS
iOS,Mac OS
Mac OS,Mac OS
Mac OS,Mac OS
Android,Android
Android,iOS
Windows,Windows
Windows,Windows
Mac OS,Mac OS
Windows,Windows
Windows,Windows
Windows,Windows
Mac OS,Mac OS
Android,iOS
Android,Android
Android,Android
Windows,Windows
iOS,Mac OS
Mac OS,Android
Android,Android
Android,Android
Android,Android
Android,iOS
iOS,Android
Windows,Windows
Mac OS,Mac OS
Windows,Windows
Windows,Windows
Windows,Windows
Mac OS,Mac OS
Mac OS,Mac OS
iOS,Mac OS
Windows,Windows
Android,Android
Android,Android
Windows Phone,Windows Phone
Android,Android
Android,Android
Windows,Windows
Windows,Windows
Windows Phone,Windows Phone
Windows Phone,Windows
Mac OS,Mac OS
Android,Android
Windows,Mac OS
Windows,Windows
Mac OS,Android
Mac OS,Mac OS
Mac OS,Mac OS
Android,Android
Windows,Windows
Mac OS,Mac OS
Android,Android
Mac OS,Mac OS
Windows,Windows Phone
Mac OS,Mac OS
iOS,iOS
Windows,Windows
Mac OS,Mac OS
Android,Android
Windows,Windows
Windows,Windows
Windows,Windows
Mac OS,Mac OS
iOS,Android
Android,Android
Windows,Windows
iOS,iOS
Mac OS,Mac OS
Android,Android
Android,Android
Mac OS,Mac OS
Mac OS,Mac OS
Windows,Windows
Windows,Windows
Android,Android
Windows,Windows
Windows,Windows
Android,Android
Mac OS,Mac OS
iOS,iOS
Windows,Windows
Windows,Windows
Windows,Windows
Windows,Windows
Android,Android
Android,Mac OS
Windows,Windows
Windows,Windows
Windows,Windows
Windows,Windows
Android,Android
Windows,Windows
Android,Android
Android,Android
Android,Android
Windows,Windows
Mac OS,Mac OS
Android,Android
Android,Android
Mac OS,Mac OS
Windows,Windows
Android,Android
Windows,Windows
Windows Phone,Windows Phone
Mac OS,Mac OS
iOS,iOS
Android,Android
Android,Android
Windows,Windows
Android,Android
Windows,Windows
Android,Android
Mac OS,Mac OS
Android,Android
Mac OS,Mac OS
Windows Phone,Windows Phone
Android,Android
Android,Android
Windows,Windows
iOS,iOS
Windows,Windows
Android,Android
Windows,Windows
Windows,Windows
Android,Android
Mac OS,Mac OS
Mac OS,Mac OS
Mac OS,Mac OS
Android,Android
Windows,Windows
Android,Android
iOS,Android
Mac OS,Mac OS
Windows,Windows
Windows,Windows
Windows Phone,Windows Phone
Android,Android
Android,Android
Windows,Windows
iOS,Mac OS
Android,Android
iOS,Mac OS
Windows,Windows
iOS,Mac OS
Mac OS,Mac OS
iOS,iOS
Android,Android
Android,Android
Windows,Windows
Android,Android
Mac OS,Mac OS
Windows,Windows
Mac OS,Mac OS
Android,Android
Windows Phone,Windows Phone
Windows,Windows
Windows,Windows
Android,Android
Windows,Windows
Mac OS,Mac OS
Android,Android
Mac OS,Mac OS
Android,Android
Android,Android
Windows,Windows
Windows,Windows
Mac OS,Mac OS
Mac OS,Mac OS
iOS,iOS
Windows,Windows
Mac OS,Mac OS
Android,Android
Mac OS,Mac OS
Android,Android
Windows,Windows
Android,Android
Windows,Windows
Android,iOS
Windows,Windows
Windows,Windows
Android,Android
Windows,Windows
Android,Android
Windows,Windows
iOS,iOS
Mac OS,iOS
Windows,Windows
Android,iOS
Windows,Windows
iOS,iOS
Mac OS,Mac OS
Windows,Windows
Android,Android
Mac OS,Mac OS
Android,Android
iOS,iOS
Android,Android
Windows,Windows
Android,Android
Android,Android
Android,Android
Windows,Windows
Android,Android
Android,Android
iOS,iOS
Windows,Windows
Windows,Windows
Windows,Windows
Mac OS,Mac OS
Mac OS,Mac OS
Android,Android
Windows,Windows
Android,Android
Mac OS,iOS
Android,Android
iOS,iOS
Android,Android
Windows,Windows
iOS,iOS
Windows,Windows
iOS,Mac OS
Windows,Windows
Windows,Windows
Mac OS,Mac OS
Windows,Windows
Windows,Windows
Android,Android
Android,Android
Mac OS,Mac OS
Mac OS,Mac OS
Android,Android
Windows,Windows
Android,Android
Windows,Windows
iOS,Android
Android,Android
iOS,Mac OS
Mac OS,Mac OS
Windows,Windows
Windows,Windows
Mac OS,Mac OS
Mac OS,Mac OS
Android,Android
iOS,Mac OS
Android,Android
Windows,Windows
Windows,Windows
Android,Android
iOS,Mac OS
Windows,Windows Phone
Mac OS,Mac OS
Android,Android
iOS,Mac OS
Android,Android
Mac OS,Mac OS
Windows,Windows
iOS,Mac OS
Windows,Windows
Windows,Windows
Android,Android
Windows,Windows
Android,Android
Android,Android
Android,Android
iOS,iOS
Mac OS,Mac OS
Windows,Windows
Android,Android
iOS,Mac OS
Windows,Windows
Android,Android
Android,Android
Android,Android
Windows,Windows
Windows,Windows
Android,Android
Windows,Windows
Android,Android
Android,Android
Android,Android
Mac OS,Mac OS
Windows Phone,Windows Phone
Windows,Windows
Mac OS,Mac OS
Windows,Windows
iOS,iOS
Android,Android
Mac OS,Mac OS
Android,Android
Mac OS,Windows
Android,Android
Windows,Windows
Windows,Windows
Android,Android
Windows,Windows
Windows,Windows
Android,Android
Windows,Windows
Windows,Windows
Android,Android
Windows,Windows
Windows,Windows
Android,Android
Windows,Windows
Windows,Windows
Android,Android
Windows,Windows
Windows,Windows
Android,Android
Windows Phone,Windows Phone
Windows,Windows Phone
Windows,Windows
Mac OS,Mac OS
Windows,Windows
Mac OS,Mac OS
Windows,Windows
Windows,Windows
Mac OS,Mac OS
Windows,Windows
Windows,Windows
Windows,Windows
Windows,Windows
Android,Android
iOS,iOS
Android,Android
Android,Android
Windows,Windows
Windows,Windows
Windows,Windows
Windows,Windows
Windows,Windows
Mac OS,Mac OS
Mac OS,Mac OS
Windows,Windows
Android,Android
Windows,Windows
iOS,Mac OS
Windows,Windows
Android,Android
iOS,Mac OS
Android,Android
Android,iOS
Android,Android
Mac OS,Mac OS
Windows,Windows
Android,Android
Android,Android
Android,Android
Windows,Windows
Mac OS,Mac OS
Android,Android
Android,Android
Android,Android
Android,Android
Android,Android
iOS,Mac OS
Mac OS,Mac OS
Mac OS,iOS
Windows,Windows
iOS,iOS
Windows,Windows
Android,Android
Android,Android
Windows,Windows
Mac OS,Mac OS
Android,Android
Mac OS,iOS
Windows,Windows
Mac OS,Mac OS
Windows Phone,Windows Phone
Windows,Windows
Windows,Windows
Android,Android
Android,Android
Android,Android
Windows,Windows
Android,Android
Android,Android
Mac OS,Mac OS
Android,Android
Mac OS,Mac OS
Android,Android
Windows,Windows
iOS,Mac OS
Windows,Windows
Windows,Windows
Windows,Windows
Windows,Windows
Android,iOS
Mac OS,iOS
Windows,Windows
Windows,Windows
Android,Android
Windows,Windows
Android,Android
iOS,iOS
Mac OS,Mac OS
Android,Android
iOS,Android
Android,iOS
Android,Android
Windows Phone,Windows Phone
Android,Android
Mac OS,Mac OS
iOS,Mac OS
Mac OS,Mac OS
Mac OS,Mac OS
Windows,Android
Mac OS,Mac OS
Android,Android
Windows,Windows
Mac OS,Mac OS
Mac OS,Mac OS
Android,Android
Windows,Mac OS
Android,Android
Mac OS,Mac OS
Mac OS,Mac OS
Windows,Windows
iOS,Mac OS
iOS,Android
Windows,Windows
Windows,Windows
Android,Android
Android,Android
Windows,Windows
Windows,Windows
Mac OS,iOS
Mac OS,Mac OS
Android,Android
Windows,Windows
Android,Android
Windows,Windows
Mac OS,Mac OS
iOS,iOS
Android,Android
Windows,Windows
Mac OS,Mac OS
Android,Android
iOS,Windows
Mac OS,iOS
Windows,Windows
Windows,Windows
Windows,Windows
Android,Android
Windows,Windows
Android,iOS
Mac OS,Android
Mac OS,Mac OS
Windows,Windows
Android,Android
iOS,iOS
Windows,Windows
Android,Android
Android,Android
Windows,Windows
Android,Android
Windows,Windows
Windows,Windows
Windows,Windows
Mac OS,Mac OS
iOS,Mac OS
Windows,Windows
Windows Phone,Windows Phone
Android,Android
Windows,Windows
Windows,Windows
Android,Android
Android,Android
Windows,Windows
Android,iOS
Android,Android
Windows,Windows
Android,Android
Mac OS,Mac OS
Windows,Windows
Android,Android
Android,Android
Mac OS,iOS
Android,Android
Windows,Windows
Windows,Windows
iOS,Mac OS
Android,Android
Android,Android
Windows,Windows
Mac OS,iOS
iOS,iOS
iOS,Android
Windows,Windows Phone
Windows,Windows
Mac OS,Mac OS
Android,Android
Windows,Windows
Android,Android
Android,Android
Windows,Windows
Android,Android
Mac OS,Mac OS
iOS,Mac OS
Windows,Windows
iOS,Mac OS
Android,Android
Windows Phone,Windows Phone
iOS,Mac OS
Android,Android
Android,Android
Windows,Windows
Windows,Windows
Android,Windows
Android,Android
Windows Phone,Windows Phone
Windows,Windows
Android,Android
iOS,iOS
Android,Android
Android,Android
Android,Android
Android,Android
Windows,Windows
Android,iOS
Android,Android
Android,Android
Windows,Windows
Windows,Windows
Windows,Windows
iOS,Mac OS
Mac OS,Mac OS
iOS,iOS
Windows,Windows
Windows,Windows
iOS,iOS
Android,Android
Mac OS,iOS
Android,Android
Android,Android
Mac OS,Mac OS
Windows,Windows
Android,Android
Windows,Windows
Mac OS,Mac OS
iOS,iOS
Mac OS,Mac OS
Android,Android
Android,Android
Android,Android
Windows,Windows
Windows Phone,Windows Phone
Android,Android
Windows,Windows
Mac OS,Mac OS
Windows Phone,Windows
Windows,Windows
Windows,Windows
Windows,Windows
Android,Android
Windows Phone,Windows Phone
Android,Android
Windows,Windows
Android,Android
Mac OS,Mac OS
Android,Android
Android,Android
Mac OS,Mac OS
Windows,Windows
Windows,Windows
Windows,Windows
Android,Android
Mac OS,Mac OS
Windows,Windows
Windows,Windows
iOS,iOS
Android,Android
Windows,Windows
Mac OS,Mac OS
Android,Android
Android,Android
Windows,Windows
Windows,Windows
Windows,Windows
Windows,Windows
Windows,Windows
Android,Android
Mac OS,Mac OS
Mac OS,Mac OS
iOS,Mac OS
Android,Android
Android,Android
Android,Android
Android,Android
Windows,Windows
Windows,Windows
Android,Android
Mac OS,Mac OS
Android,Android
Windows,Windows
Android,Android
Android,Android
Windows,Windows
Windows Phone,Windows
Windows Phone,Windows Phone
Android,Android
Mac OS,Mac OS
Mac OS,Mac OS
Windows,Windows
Android,Android
iOS,iOS
Windows,Windows
Windows,Windows
Android,Android
Windows,iOS
Mac OS,Mac OS
Windows,Windows
iOS,iOS
Android,Android
Android,Android
Mac OS,Mac OS
Android,Android
Mac OS,Mac OS
Windows,Windows
Android,Android
Mac OS,Mac OS
Android,Android
Android,Android
Android,Android
Mac OS,Android
iOS,iOS
Windows,Windows
Windows,Windows
Android,Android
Mac OS,iOS
Mac OS,Mac OS
Windows,Windows
Windows,Windows
Android,Android
Windows,Windows
Windows,Windows
Android,Android
Android,Android
Mac OS,Mac OS
iOS,iOS
Mac OS,Mac OS
Windows,Windows
Windows Phone,Windows Phone
Mac OS,Mac OS
Android,Android
Android,Android
Windows,Mac OS
iOS,iOS
Android,Android
Android,Android
Android,Android
Mac OS,Mac OS
Android,Android
Mac OS,Mac OS
Android,Android
Android,Android
Windows,Windows
Windows,Windows
Windows,Windows
Windows,Windows
Android,Android
Mac OS,iOS
Android,Android
Android,Android
Windows,Windows
Windows,Windows
Windows,Windows
Mac OS,Mac OS
Windows,Windows
Windows,Windows
Android,Android
iOS,Mac OS
iOS,Mac OS
Android,Android
Windows,Windows
Windows,Windows
Android,Android
iOS,Mac OS
Android,Android
Windows,Windows
Windows,Windows
Android,Android
Windows,Windows
Android,Android
Windows,Windows
Windows,Windows
Android,Android
Mac OS,Mac OS
Mac OS,Mac OS
Android,iOS
Windows,Windows
Windows,Windows
iOS,iOS
Android,Android
Android,Android
Mac OS,Mac OS
iOS,Mac OS
Windows,Windows
Android,Android
Mac OS,Mac OS
iOS,iOS
Windows,Windows
Android,Android
Android,Android
Android,Android
Windows,Windows
Windows,Windows
Windows,Windows
iOS,Mac OS
Mac OS,Mac OS
Android,Android
Windows,Windows
Android,Android
Android,Android
Android,Android
Windows,Windows
Android,Android
Windows,Windows
Windows,Windows
Android,Android
Android,Android
Mac OS,Mac OS
Android,Android
Android,iOS
Windows,Windows
Android,Android
Windows,Windows
iOS,Mac OS
Mac OS,Mac OS
Android,Windows
Android,Android
Android,Android
Mac OS,Mac OS
Windows,Windows
Android,Android
Windows,Windows
Mac OS,Mac OS
Android,Android
Windows,Windows
Mac OS,Mac OS
Mac OS,Mac OS
Android,Android
Windows,Windows
Android,Android
Android,Android
Windows,Windows Phone
Android,Android
Windows,Windows
Android,Android
Windows,Windows
Android,Android
Android,Android
Windows,Windows
Windows,Windows
Android,Android
Android,Android
Windows Phone,Windows Phone
Windows,Windows
Android,Android
Windows,Windows
Android,Android
iOS,iOS
iOS,Mac OS
Android,Android
Windows,Windows
Android,Android
Windows,Windows
Mac OS,Mac OS
Windows,Windows
iOS,Mac OS
Android,Android
Mac OS,Mac OS
Windows,Windows
Windows Phone,Windows
iOS,Mac OS
Android,Android
iOS,Android
Android,Android
Mac OS,Mac OS
Mac OS,Mac OS
Android,Android
Android,Android
iOS,Mac OS
Android,Android
Android,Android
Windows,Windows
Windows,Windows
Android,Android
Android,Android
Mac OS,Mac OS
Windows,Windows
Mac OS,Mac OS
iOS,iOS
Android,Android
Windows,Windows
Android,Android
Mac OS,Mac OS
Mac OS,iOS
Mac OS,Mac OS
Windows Phone,Windows Phone
Android,Android
Android,Android
iOS,iOS
Mac OS,Mac OS
Mac OS,Mac OS
iOS,iOS
Windows,Windows
Windows,Windows
Android,Android
iOS,Mac OS
Windows,Windows
Mac OS,Mac OS
Windows Phone,Windows Phone
Windows,Windows
Mac OS,Mac OS
Android,Android
Android,Android
Mac OS,Mac OS
Mac OS,Mac OS
iOS,iOS
Mac OS,Mac OS
Mac OS,Mac OS
Mac OS,Mac OS
iOS,iOS
Windows,Windows
Mac OS,Mac OS
Mac OS,Mac OS
iOS,iOS
Mac OS,Mac OS
Android,Android
iOS,iOS
Windows,Windows
Android,Android
Mac OS,Mac OS
Windows,Windows
Android,Android
Windows,Windows
Android,Android
iOS,Mac OS
Android,Android
Windows,Windows
Android,Android
Android,Android
Windows,Windows Phone
Android,Android
Android,Android
Mac OS,Mac OS
Windows Phone,Windows Phone
Android,Android
Android,Android
Windows,Windows
Android,Android
Windows,Windows
Windows,Windows
Windows,Windows
Windows,Windows
Windows,Windows
Android,Android
Android,Android
iOS,Mac OS
Windows,Windows
Windows,Windows
Android,Android
Android,Android
Mac OS,Mac OS
Windows,Windows
Windows,Windows
Android,Android
Android,Android
Mac OS,Mac OS
Android,Android
iOS,iOS
Android,Android
Windows,Windows
Android,Android
Mac OS,Mac OS
iOS,iOS
Windows Phone,Windows Phone
Windows,Windows
Windows,Windows
Android,Android
Android,Android
Android,Android
Android,Android
Android,Android
iOS,iOS
Mac OS,Mac OS
Windows,Windows
Windows,Windows
iOS,Android
Windows,Windows
Android,Android
Android,Android
Windows,Windows
Android,Android
Android,Android
Mac OS,Mac OS
Windows,Windows
Windows,Windows
Windows,Windows
Android,Android
Android,Android
Windows,Windows
iOS,Mac OS
Windows,Windows
Mac OS,Mac OS
iOS,iOS
Windows,Windows
Windows,Windows
Windows,Windows
Windows,Windows
Mac OS,Mac OS
iOS,Mac OS
Android,Android
Windows,Windows
Android,Android
Windows,Windows
iOS,iOS
Android,Android
Android,Android
Android,Android
iOS,Android
Windows,Windows
Windows,Windows
Mac OS,Mac OS
Android,Android
Windows,Windows
iOS,Mac OS
Mac OS,Mac OS
Android,Android
Mac OS,Mac OS
Windows,Windows
Windows,Windows
Windows Phone,Windows Phone
Android,Android
Android,Android
Windows,Windows
Windows,Windows
Windows,Windows
Mac OS,Mac OS
Windows,Windows
Windows,Windows
Android,Android
Mac OS,Mac OS
iOS,iOS
Android,Android
Android,Android
Android,Android
Windows,Windows
Mac OS,Mac OS
Windows,Windows
Windows,Windows
iOS,Android
iOS,iOS
Mac OS,iOS
Windows,Windows
Android,Android
Windows Phone,Windows Phone
Windows,Windows
Android,Android
Windows,Windows
Windows,Windows
Android,Android
iOS,Android
Windows,Windows
Android,Android
Windows,Windows
Android,Android
Android,Android
Windows Phone,Windows Phone
Android,Android
Mac OS,iOS
Android,Android
Mac OS,Mac OS
Android,Android
Windows,Windows
Windows,Windows
Mac OS,Mac OS
Windows,Windows
iOS,Mac OS
Android,Android
Windows,Windows
Windows,Android
Windows,Windows
Mac OS,Mac OS
Android,Android
Windows,Windows
Mac OS,Mac OS
Android,Android
Windows,Windows
Windows,Windows
Windows,Windows
Android,Android
Android,Android
Android,Android
Windows Phone,Windows Phone
Windows,Android
Mac OS,Mac OS
Windows,Windows
Windows,Windows
Mac OS,Mac OS
iOS,iOS
Mac OS,Mac OS
Windows,Windows
Mac OS,iOS
Android,Android
Windows,Windows
Mac OS,iOS
Windows,Windows
Mac OS,Mac OS
iOS,Android
Mac OS,Mac OS
Mac OS,Mac OS
iOS,iOS
Android,Android
Mac OS,Mac OS
iOS,Mac OS
Windows,Windows
Windows,Windows
Android,Android
Mac OS,Mac OS
Windows,Windows
Android,Android
Android,Android
Mac OS,Mac OS
Windows,Windows
Windows,Windows
Windows,Windows
iOS,Mac OS
Mac OS,iOS
Android,Android
Windows,Windows
Windows,Windows
Windows,Windows
Mac OS,Mac OS
Android,Android
Mac OS,Mac OS
Windows,Windows
Mac OS,Android
Mac OS,Mac OS
Mac OS,Mac OS
Android,Android
Windows Phone,Windows Phone
iOS,iOS
Android,Android
Mac OS,Mac OS
Android,Android
Android,Android
Android,Android
Android,Android
Android,Android
Android,Android
Mac OS,Mac OS
Windows,Windows
Windows,Windows
Windows,Windows
Android,Android
iOS,Mac OS
Mac OS,Mac OS
iOS,iOS
iOS,iOS
Windows,Windows
Android,Android
Windows,Windows
Windows,Windows
Android,Android
Mac OS,iOS
Android,Android
Android,Android
Windows,Windows
Android,Android
Android,Android
Android,Android
Android,Android
Android,Android
Android,Android
Mac OS,Mac OS
Android,Android
Android,Android
iOS,Mac OS
Windows,Mac OS
Android,Android
Windows,Windows
Mac OS,Mac OS
Mac OS,Mac OS
iOS,Mac OS
Android,Android
Android,Android
Android,Android
Android,Android
Mac OS,Mac OS
Windows,Windows
Android,Android
Mac OS,Mac OS
Android,Android
Android,Android
Android,Android
Android,Android
Windows Phone,Windows Phone
Mac OS,Mac OS
Android,Android
Windows,Windows
Windows,Windows
Windows,Windows
Android,Android
iOS,iOS
Android,Android
Mac OS,Mac OS
Android,Android
Windows,Windows
Android,iOS
Android,Android
Android,Android
iOS,Android
Mac OS,iOS
Android,Android
Windows,Windows
iOS,iOS
Android,Android
Windows,Windows
Android,Android
Mac OS,Mac OS
Windows,Windows
Mac OS,iOS
Windows,Windows
Android,Android
Android,Android
Windows,Windows
Windows,Windows
Mac OS,Mac OS
Windows Phone,Windows
Android,Android
Android,Android
Android,Android
Windows,Windows
Windows Phone,Windows Phone
Android,Android
Windows,Windows
Android,iOS
Android,Android
Windows,Windows
Windows Phone,Windows
iOS,Mac OS
Mac OS,Mac OS
Mac OS,Mac OS
Windows,Windows
Windows Phone,Windows Phone
iOS,iOS
Mac OS,Mac OS
Android,Android
Windows,Windows
Mac OS,Windows
Android,Android
Android,Android
Mac OS,Mac OS
Mac OS,Mac OS
Android,Android
Windows,Windows
Android,Android
Mac OS,Mac OS
Android,Android
Mac OS,Mac OS
Windows,Windows
Windows,Windows
Android,Android
Windows,Windows
Android,Android
Android,Android
Mac OS,Mac OS
Mac OS,Mac OS
iOS,iOS
Android,Android
Android,Android
Android,Android
Mac OS,Mac OS
Android,Android
Mac OS,Mac OS
Windows,Windows
Mac OS,Mac OS
Android,Android
Android,Android
Windows,Windows
Windows,Windows
Windows,Android
Windows,Windows
Mac OS,Mac OS
Mac OS,iOS
iOS,Mac OS
Android,Android
Android,Android
Mac OS,iOS
Windows,Windows
Windows,Windows
iOS,iOS
Windows,Windows
Mac OS,Mac OS
iOS,Mac OS
Android,Android
Mac OS,Mac OS
Android,Android
Mac OS,Mac OS
Windows,Windows
iOS,iOS
Windows,Windows
Android,Android
Windows,Windows
iOS,Mac OS
Windows,Windows
Mac OS,Mac OS
Android,Android
Android,Android
iOS,Mac OS
Windows,Windows
Windows,Windows
Mac OS,Mac OS
Windows,Windows
Android,Android
Android,Android
Android,Android
Android,Android
Mac OS,Mac OS
Android,Android
Mac OS,Mac OS
Mac OS,Mac OS
iOS,iOS
iOS,iOS
Windows Phone,Windows Phone
Windows,Android
Mac OS,Mac OS
Windows,Windows
iOS,iOS
Android,Android
Windows,Windows
Android,Android
Mac OS,Mac OS
Windows,Windows
Android,Android
Android,Android
Android,Android
Mac OS,Mac OS
Android,Android
Android,Android
iOS,Mac OS
Windows,Windows
Android,Android
Windows,Windows
Mac OS,Mac OS
Mac OS,Mac OS
Mac OS,Mac OS
Android,Android
Mac OS,Mac OS
Mac OS,iOS
iOS,iOS
Windows Phone,Windows Phone
Windows Phone,Windows
Android,Android
Windows,Windows
Windows,Windows
Windows,Windows
Mac OS,Mac OS
Android,Android
Windows,Windows
Android,Android
Android,Android
Android,Android
Mac OS,Mac OS
Mac OS,Mac OS
Mac OS,Mac OS
Android,Android
Android,Android
iOS,iOS
iOS,iOS
Windows Phone,Windows
Android,Android
Mac OS,Mac OS
Windows,Windows
Mac OS,Mac OS
Windows,Windows
Windows,Windows
Mac OS,Mac OS
iOS,iOS
Android,Android
Windows,Windows
iOS,Mac OS
Windows,Windows
Windows,Windows
Android,Android
Windows,Windows Phone
Windows,Windows
Android,Android
iOS,Mac OS
Android,Android
Windows,Windows
Mac OS,Mac OS
Windows,Windows
Android,Android
Windows Phone,Windows Phone
Android,Android
Windows,Windows
Mac OS,Mac OS
Android,Android
Windows,Windows
Mac OS,Mac OS
Android,Android
Windows,Windows
Windows,Windows
Windows,Windows
Windows,Windows
Windows,Windows
Android,Android
Windows,Windows
Android,Android
Mac OS,Mac OS
Android,Android
Mac OS,Mac OS
Windows,Windows
Windows,Windows
Android,Windows
Windows,Windows
Windows,Windows
Mac OS,Mac OS
Android,Android
Android,Android
Mac OS,Mac OS
Android,Android
Windows,Windows
Windows,Windows
Windows,Windows
Mac OS,Mac OS
Android,Android
Windows,Windows
Android,Android
Android,Android
iOS,iOS
Mac OS,Mac OS
Windows Phone,Windows Phone
Android,Android
Windows,Windows
Mac OS,Mac OS
Mac OS,Mac OS
Windows,Windows
Mac OS,Mac OS
Mac OS,Mac OS
Android,Android
Mac OS,Mac OS
Mac OS,Mac OS
iOS,iOS
Android,Android
Android,Android
Windows,Windows
Windows,Windows
Windows,Windows
Android,Android
Windows,Windows
Android,Android
Android,Android
Android,iOS
Android,Android
Windows Phone,Windows
Android,Android
Windows,Windows
Mac OS,Mac OS
Mac OS,Mac OS
Windows,Windows
iOS,iOS
Mac OS,Mac OS
Windows Phone,Windows Phone
Android,Android
Android,Android
Mac OS,Mac OS
Windows Phone,Windows Phone
Android,Android
Mac OS,Mac OS
Windows,Windows
Android,Android
Windows,Windows
Android,Android
iOS,Mac OS
Android,Android
Android,Android
Mac OS,Mac OS
Mac OS,Mac OS
Mac OS,Mac OS
Android,Android
iOS,Mac OS
Windows,Windows
Android,iOS
Android,Android
Mac OS,Mac OS
Android,Android
Windows,Windows
Windows,Windows
Windows,Windows
Windows,Windows
iOS,iOS
Android,Android
Windows Phone,Windows Phone
Android,Android
Windows,Windows
iOS,Mac OS
iOS,Windows
Windows,Windows
Mac OS,Mac OS
Android,Android
Android,Android
Windows,Windows
Android,Android
Mac OS,Mac OS
Android,Android
Mac OS,Mac OS
Windows,Windows
Windows,Android
Mac OS,Mac OS
Windows,Windows
Windows,Windows
Mac OS,Mac OS
Windows,Windows
Windows Phone,Windows Phone
iOS,iOS
Android,Android
Windows Phone,Windows Phone
Android,Android
Windows,Windows
Windows,Windows
iOS,Mac OS
Android,Android
Windows,Windows
Android,Android
Android,Android
iOS,iOS
Android,Android
Windows Phone,Windows Phone
Mac OS,iOS
Windows,Windows
Windows,Windows
Windows,Windows
Mac OS,Mac OS
Windows,Windows Phone
Windows,Windows
Mac OS,Mac OS
iOS,iOS
Android,Android
Mac OS,Mac OS
Mac OS,Mac OS
Windows,Windows
Windows,Windows
Mac OS,Mac OS
iOS,iOS
Mac OS,Mac OS
Windows,Android
Mac OS,Mac OS
Mac OS,Mac OS
Windows,Windows
Mac OS,Mac OS
iOS,iOS
Android,Android
Android,Android
Mac OS,Mac OS
Windows,Windows
Mac OS,Mac OS
Mac OS,Mac OS
Mac OS,Mac OS
Windows,Windows
Windows,Windows
Android,Android
Mac OS,Mac OS
Mac OS,Mac OS
iOS,iOS
Android,Android
Windows,Windows
Android,Android
Windows,Windows
Windows,Windows
Android,Android
Windows,Windows
iOS,Mac OS
iOS,Mac OS
Android,Android
Android,Android
iOS,Mac OS
Mac OS,Mac OS
Windows,Windows
Android,Android
Mac OS,Mac OS
Mac OS,Mac OS
Mac OS,Mac OS
Android,Android
Windows,Windows
Android,Android
Android,Android
Android,iOS
Mac OS,Mac OS
Mac OS,Mac OS
Windows,Windows
Windows,Windows
Mac OS,Mac OS
Mac OS,Mac OS
Android,Android
Android,Android
Android,Android
Android,Android
iOS,iOS
Windows,Windows
Mac OS,iOS
Android,Android
Android,Android
Windows,Windows
iOS,Mac OS
Mac OS,Mac OS
Android,Android
Android,Android
Android,Android
iOS,Mac OS
Windows,Windows
Mac OS,Android
Windows,Windows
Mac OS,Mac OS
Android,Android
Android,Android
Windows,Windows
Android,Android
Windows,Windows
Android,Android
Mac OS,Mac OS
Windows,Windows
iOS,Mac OS
Android,Android
Mac OS,Mac OS
iOS,iOS
Mac OS,Mac OS
Mac OS,Mac OS
Mac OS,Mac OS
Windows,Windows
Mac OS,Mac OS
Mac OS,Mac OS
Mac OS,Mac OS
Windows,Windows
iOS,Mac OS
Windows,Windows
Mac OS,Mac OS
Android,Android
iOS,Mac OS
Windows,Windows
Android,Android
Android,Android
Windows,Windows
iOS,iOS
Android,Android
Windows,Windows
Mac OS,Mac OS
Windows,Windows
Android,Android
Windows,Windows
Windows,Windows
Windows,Windows
iOS,Windows
Mac OS,Mac OS
Windows,Windows
iOS,Mac OS
Mac OS,Mac OS
Mac OS,Mac OS
Mac OS,Mac OS
Android,Android
Windows,Windows
Mac OS,Mac OS
Windows,Windows
Mac OS,Mac OS
Windows,Windows
Mac OS,Mac OS
Windows Phone,Windows Phone
Windows,Windows
Mac OS,Mac OS
iOS,Android
Mac OS,Mac OS
Windows,Windows
Mac OS,Mac OS
Windows,Windows
Windows,Windows
Mac OS,Mac OS
iOS,Mac OS
Windows,Windows
Android,Android
Android,Android
Mac OS,Mac OS
Windows,Windows
Windows,Windows
Android,Android
Windows,Windows
Mac OS,Mac OS
Android,Android
Android,Android
Mac OS,Mac OS
Windows,Windows
Windows,Windows
Android,Android
iOS,iOS
Android,Android
Windows,Mac OS
Android,Android
iOS,Mac OS
Mac OS,Mac OS
Windows,Windows
Windows,Windows
Android,Android
iOS,Mac OS
Windows Phone,Windows Phone
Android,Android
Android,Android
iOS,Mac OS
iOS,Mac OS
Windows,Windows
Windows,Windows
Android,Android
Windows,Windows
Mac OS,Mac OS
Windows,Windows
Windows,Windows
iOS,iOS
Windows,Windows
Android,Android
Windows,Windows
iOS,Mac OS
Mac OS,Mac OS
Windows,Windows
Mac OS,Mac OS
Windows,Windows
Android,Android
Android,Android
Android,Android
Windows,Windows
Windows,Windows
Android,Android
Android,Android
Windows,Windows
Windows,Windows Phone
Windows,Windows
Android,Android
Windows Phone,Windows Phone
Windows,Windows
Mac OS,Mac OS
Android,Android
Windows,Windows Phone
Android,Android
Android,Android
Windows,Windows
Windows,Windows
Windows,Windows
Android,Android
iOS,iOS
Mac OS,Mac OS
Android,Android
Android,Android
Android,Android
Android,Android
Android,Android
iOS,iOS
Android,Android
Android,Android
Mac OS,Mac OS
Android,iOS
Android,Android
Mac OS,Mac OS
Windows,Windows
Windows,Windows
Android,Android
Android,Android
Windows,Windows
Windows,Windows Phone
Mac OS,Mac OS
Windows,Windows
Android,Android
Windows,Windows
Windows,Windows
Windows,Windows
Windows,Windows
Windows,Windows
Windows,Windows
Android,Android
Mac OS,Mac OS
Windows,Windows
Windows,Windows
Android,Android
Windows,Windows
Android,Android
iOS,iOS
Android,Android
Mac OS,Mac OS
Mac OS,Mac OS
Android,Android
Mac OS,iOS
Android,Android
Mac OS,iOS
Windows,Windows
Windows,Windows
Android,Android
Windows,Windows
Windows,Windows Phone
Android,Android
Mac OS,Mac OS
Mac OS,Windows
Android,Android
Mac OS,Mac OS
Windows,Windows
Windows,Windows
iOS,Mac OS
Android,Android
Windows,Windows
iOS,Mac OS
Windows Phone,Windows Phone
Mac OS,Mac OS
Windows Phone,Windows Phone
Windows Phone,Windows Phone
Mac OS,iOS
iOS,iOS
iOS,Mac OS
Mac OS,Mac OS
Windows,Windows
Mac OS,Mac OS
Windows,Windows
iOS,iOS
Windows,Windows
iOS,iOS
Android,Android
Windows,Windows
Windows,Mac OS
Android,Android
Android,Android
Mac OS,Mac OS
Mac OS,Mac OS
Windows Phone,Windows Phone
Mac OS,Mac OS
Windows,Windows
Android,Android
Windows,Windows
Windows,Windows
iOS,iOS
Windows,Windows
Windows,Windows
Android,Android
Windows,Windows
Mac OS,Mac OS
Windows,Windows
Mac OS,Mac OS
Android,Android
Windows,Windows
Android,Android
Android,Android
Mac OS,Mac OS
Mac OS,Mac OS
Mac OS,Mac OS
iOS,iOS
iOS,Mac OS
Android,Android
Android,Android
Android,Android
Mac OS,Mac OS
iOS,iOS
Windows,Windows
iOS,iOS
Mac OS,Mac OS
Mac OS,Mac OS
Windows,Windows
Windows,Windows
Windows,Windows
Windows,Windows
iOS,Mac OS
Mac OS,iOS
Mac OS,Mac OS
Mac OS,Mac OS
iOS,Mac OS
Mac OS,iOS
iOS,iOS
Windows,Windows
Windows,Windows
Windows,Windows
Windows,Windows
Android,Android
Mac OS,Mac OS
Windows,Windows
Windows,Windows
Android,Android
Windows Phone,Windows Phone
Android,Android
Windows,Windows
Mac OS,Mac OS
Mac OS,Mac OS
Windows Phone,Windows Phone
Windows,Windows
Android,Android
Windows,Windows
Android,Android
Android,Android
Windows,Windows
Windows,Windows
Mac OS,Mac OS
Mac OS,Mac OS
Windows,Windows
Windows,Windows
Android,Android
iOS,Mac OS
Windows,Windows
Mac OS,Mac OS
Mac OS,Mac OS
Windows,Windows
Mac OS,Mac OS
Windows,Windows
Android,iOS
Windows,Windows
Mac OS,iOS
Android,iOS
Android,Android
iOS,iOS
Android,Android
Android,Android
Windows,Windows
Windows,Windows
Windows,Windows
Windows,Windows
Windows,Windows
iOS,Mac OS
Windows,Windows
Android,Android
Windows,Windows
Android,Android
Android,Android
Android,Android
iOS,Android
Windows,Windows
Mac OS,Mac OS
Mac OS,Mac OS
Android,Android
iOS,Mac OS
Android,Android
Mac OS,Mac OS
Android,iOS
Windows,Windows
Android,Android
Android,Android
Windows,Windows
Mac OS,Mac OS
Android,Android
Android,Android
Android,Android
Windows,Windows
Windows,Windows
Android,Android
Android,Android
Mac OS,Mac OS
Mac OS,Mac OS
Mac OS,Mac OS
Windows,Windows
Android,Android
Android,Android
Windows,Windows
iOS,iOS
Windows,Windows
Mac OS,Mac OS
iOS,Mac OS
Windows,Windows
Mac OS,iOS
Android,iOS
Windows,Windows
Android,Android
Android,Android
Windows,Windows
Windows,Windows
iOS,iOS
Android,Android
Windows,Windows
Windows,Windows
Windows,Windows
Android,Android
Mac OS,Mac OS
Android,Android
Windows,Windows
Windows,Windows Phone
Mac OS,Mac OS
Mac OS,Mac OS
Android,Android
Mac OS,Mac OS
Mac OS,Mac OS
Android,Android
Mac OS,Mac OS
Android,Android
Windows,Android
Windows,Windows
Android,Android
iOS,iOS
Android,Android
Android,Android
Android,Android
Android,Android
Windows,Windows
Mac OS,Mac OS
Windows,Windows
Mac OS,Mac OS
iOS,Mac OS
Android,Android
Android,Android
Windows,Windows
Android,Android
Windows,Windows
iOS,Mac OS
Android,Android
Android,Android
Android,Android
Windows Phone,Windows Phone
Android,Android
Windows,Windows
Windows,Windows
Windows,Windows
Android,iOS
Android,Android
iOS,Mac OS
Windows,Windows
Mac OS,Mac OS
Windows,Windows
Mac OS,Mac OS
iOS,iOS
Windows,Windows
Windows,Windows
Windows,Windows
Android,Android
Mac OS,Mac OS
Windows,Windows
Windows Phone,Windows
Windows,Windows
Mac OS,Mac OS
Mac OS,Mac OS
iOS,Mac OS
Android,Android
Android,Android
Windows,Windows
Windows Phone,Windows Phone
Android,Android
Windows,Windows
Mac OS,Mac OS
Android,Android
Windows,Windows
Windows,Android
Android,Android
Android,Android
Mac OS,Mac OS
Windows,Windows
Android,Android
iOS,iOS
Android,iOS
Mac OS,iOS
Windows,Windows
Android,Android
Mac OS,Mac OS
Android,Android
iOS,Mac OS
Windows,Windows
Windows,Windows
Windows,Windows
Mac OS,Mac OS
Windows,Windows
Mac OS,Mac OS
Windows,Windows
Android,Android
Windows,Windows
Windows,Windows
Mac OS,Mac OS
Android,Android
iOS,Mac OS
Android,Android
Android,Android
Android,Android
Windows,Windows
Windows Phone,Windows
Windows Phone,Windows Phone
Mac OS,Mac OS
Windows,Windows
Android,Android
Android,Android
iOS,iOS
Mac OS,Mac OS
Windows,Windows
Android,Android
Windows,Windows
Windows,Windows
Mac OS,Mac OS
Android,Android
Windows,Windows
Windows,Windows
Android,Android
Windows,Windows
Mac OS,iOS
Android,Android
Windows,Windows
Windows,Windows
Mac OS,iOS
Windows,Windows
Windows,Windows
Android,Android
Windows,Windows
Android,Android
Android,Android
Android,Android
Android,Android
Android,Android
Windows,Windows
Android,Android
Android,Android
Android,Android
Windows,Windows
Windows,Windows
Mac OS,Mac OS
Android,Android
Mac OS,Mac OS
Android,Android
Windows,Windows
iOS,Mac OS
iOS,iOS
Windows,Windows
Mac OS,Mac OS
Windows Phone,Windows Phone
Android,Android
Windows Phone,Windows
Windows,Windows
Windows,Windows
Android,Windows
Android,Android
Android,Android
Android,Android
Android,Android
iOS,Mac OS
Mac OS,Mac OS
Mac OS,Mac OS
Windows,Windows
Mac OS,Mac OS
iOS,iOS
iOS,iOS
Mac OS,Mac OS
Windows,Windows
Android,Android
Android,Android
Mac OS,Mac OS
Windows,Windows
Mac OS,Mac OS
Android,Android
Android,Android
Windows,Windows
Mac OS,Mac OS
Windows,Windows
Windows,Windows
Android,Android
Windows,Windows
Windows Phone,Windows Phone
Mac OS,Mac OS
Android,Android
Android,Android
Windows,Windows
Mac OS,Mac OS
iOS,iOS
Android,Android
Android,Android
Android,iOS
Windows,Windows
Mac OS,Mac OS
Mac OS,Mac OS
Mac OS,Mac OS
iOS,Mac OS
Mac OS,Mac OS
Android,Android
Android,Android
Mac OS,Mac OS
Android,iOS
Windows,Windows
Mac OS,Mac OS
Android,Android
Android,Android
Mac OS,Mac OS
Windows,Windows
Android,Android
Mac OS,Mac OS
Android,Android
Windows,Windows
Android,Android
Android,Android
Mac OS,Mac OS
Windows,Windows
Windows Phone,Windows Phone
Android,Android
Android,iOS
Mac OS,Mac OS
Windows,Windows
Windows,Windows
Windows,Windows
Windows,Windows
Android,Android
Android,Android
Android,Android
Windows,Windows
Android,Android
Mac OS,Mac OS
Windows,Windows
Windows,Windows
Windows,Windows
Android,Android
Windows,Windows
Android,Android
Windows,Windows
Windows,Windows
Windows,Windows
Windows,Windows
Mac OS,Mac OS
Android,Android
Windows,Windows
Windows,Windows
Mac OS,Mac OS
Mac OS,iOS
Mac OS,Mac OS
Android,Android
Windows,Windows
Windows,Windows Phone
iOS,iOS
Windows,Windows
Android,Android
Windows,Windows
Windows,Android
Android,Android
Android,Android
iOS,Mac OS
Mac OS,Mac OS
Windows,Windows
Android,Android
iOS,iOS
Mac OS,Mac OS
Android,Android
Android,Android
Mac OS,Mac OS
Windows,Windows
Windows,Windows
Android,Android
Windows,Windows
Android,Android
Android,Android
Windows,Windows
Mac OS,Mac OS
Android,Mac OS
Mac OS,Mac OS
Windows,Windows
Windows,Windows
Android,Android
Windows,Windows
Mac OS,Mac OS
Android,iOS
iOS,Mac OS
Android,Android
Mac OS,Mac OS
Windows,Android
Mac OS,Mac OS
Mac OS,Mac OS
Mac OS,Mac OS
Windows,Windows
Windows Phone,Windows Phone
iOS,Mac OS
Android,Android
Windows,Windows
Windows,Windows
Mac OS,Mac OS
Windows,Windows
Mac OS,Mac OS
Mac OS,Mac OS
Windows,Mac OS
iOS,Android
Windows,Windows
Android,Android
Android,Android
iOS,iOS
Windows,Windows
Android,Android
Windows,Windows
Windows,Windows
Windows Phone,Windows Phone
Mac OS,Mac OS
Android,Android
Windows,Windows
Windows,Windows
Windows Phone,Windows
iOS,Android
Mac OS,Mac OS
Mac OS,Mac OS
Windows Phone,Windows Phone
Mac OS,iOS
iOS,iOS
Windows,Windows
iOS,iOS
Windows,Windows
Mac OS,Mac OS
Windows,Windows
Windows,Windows
Android,Android
Android,Android
Windows,Windows
Mac OS,Mac OS
Mac OS,Mac OS
Mac OS,Mac OS
Android,Android
Android,Android
Android,Android
Mac OS,Mac OS
Android,Android
Mac OS,Mac OS
Android,Android
Mac OS,Mac OS
Windows,Windows
Mac OS,Mac OS
Windows,Windows
Android,Android
Android,Android
iOS,Mac OS
Mac OS,Mac OS
Android,Android
Android,Android
Android,Android
Windows,Windows
Windows,Android
Android,Android
Windows,Windows
Android,Android
iOS,iOS
Windows,Windows
Android,Android
Mac OS,Mac OS
Windows,Windows
Windows Phone,Windows Phone
Windows,Windows
iOS,Android
Android,Android
Windows,Windows
iOS,Mac OS
iOS,iOS
Mac OS,Mac OS
Mac OS,Mac OS
Windows,Windows
Windows,Windows
Android,Android
iOS,iOS
Android,Android
Mac OS,Mac OS
Windows,Windows
Mac OS,Mac OS
Android,Android
Windows,Windows Phone
iOS,Mac OS
Windows,Windows
Mac OS,Mac OS
iOS,iOS
Android,Android
Android,Android
Windows,Windows
Android,Android
Mac OS,Mac OS
Mac OS,Mac OS
Android,Android
Android,Android
Windows,Windows
Android,iOS
Windows,Windows
Windows,Windows
Android,Mac OS
iOS,Mac OS
iOS,Mac OS
Windows,Windows
Windows,Windows
Windows,Windows
Mac OS,Mac OS
Windows,Windows
iOS,iOS
Android,iOS
Mac OS,Mac OS
Windows,Windows
Windows,Windows
Windows,Windows
Mac OS,Mac OS
Mac OS,Mac OS
iOS,iOS
Android,Android
Mac OS,Mac OS
Android,Android
Mac OS,Mac OS
Android,Android
iOS,iOS
iOS,iOS
Windows,Windows
Android,Android
Windows,Windows
Android,Android
Mac OS,iOS
Android,Android
Android,Android
Windows,Windows
iOS,iOS
Mac OS,Mac OS
iOS,iOS
Android,Android
Android,Android
Mac OS,Mac OS
Android,Android
Mac OS,iOS
Windows,Windows
Android,Android
Mac OS,Mac OS
Windows,Windows
Mac OS,Mac OS
Android,Android
Windows,Windows
Windows,Windows
Windows,Windows
Mac OS,iOS
Mac OS,Mac OS
Mac OS,iOS
Windows,Windows
Mac OS,Mac OS
Mac OS,Mac OS
Android,Android
Mac OS,Mac OS
Android,Android
Mac OS,Mac OS
Windows,Windows
Windows,Windows
Android,Android
Mac OS,Mac OS
Windows,Windows
Windows,Windows
Android,iOS
Windows,Windows
Mac OS,iOS
Windows Phone,Windows Phone
Android,Android
Windows,Windows
Mac OS,Mac OS
Windows,Windows
Windows,Windows
Windows,Windows
iOS,Android
Android,Android
Windows,Windows
Mac OS,Mac OS
Android,Android
Windows,Windows
Windows,Windows
Android,Android
iOS,Mac OS
Windows,Windows
Mac OS,Mac OS
Windows,Windows
Mac OS,Mac OS
Windows,Windows
iOS,iOS
Mac OS,Mac OS
Windows,Windows
Android,Android
Windows,Windows
Mac OS,Mac OS
Windows,Windows
Mac OS,Mac OS
Android,iOS
Android,Android
Android,Android
Windows,Windows
Android,Android
Android,iOS
Windows,Windows Phone
iOS,Windows
Windows,Windows
Mac OS,iOS
Android,Android
Windows,Windows
Mac OS,Mac OS
Android,Android
Windows,Windows
Mac OS,Mac OS
iOS,Mac OS
Android,Android
Mac OS,Mac OS
Android,Android
Android,Android
Windows,Windows
Android,Android
Windows,Windows
Android,Android
Android,Android
Windows,Windows
Android,Android
Mac OS,Mac OS
Windows,Windows
Android,Android
Mac OS,Mac OS
Windows,Windows
Mac OS,Mac OS
Mac OS,Mac OS
Windows,Windows
Mac OS,iOS
Android,Android
Windows,Windows
Windows,Windows
Windows,Windows
Android,iOS
Android,Android
Android,Android
Mac OS,Mac OS
Android,Android
Android,Android
Windows,Windows
Android,Android
Android,Android
Windows,Windows
Android,Android
Android,Android
Mac OS,Mac OS
Android,Android
Android,Android
iOS,Mac OS
Windows,Windows
Windows,Windows
Android,Android
Android,Android
Windows,Windows
Mac OS,Mac OS
Mac OS,Mac OS
Windows,Windows
Windows,Windows
Windows,Windows
Android,Android
Windows,Windows
Android,Android
Android,Android
Mac OS,Mac OS
Android,Android
Windows,Windows
Windows,Windows
Windows,Windows
Android,Android
Windows,Windows
Android,Android
Mac OS,Mac OS
Android,Android
Windows,Windows
Android,Android
Windows,Windows
Windows,Windows
Windows,Windows
iOS,Mac OS
Windows,Windows
Android,Android
Android,Android
Android,Android
Mac OS,Mac OS
Mac OS,Mac OS
Mac OS,Mac OS
Android,Android
Mac OS,iOS
Mac OS,Mac OS
Mac OS,Mac OS
Windows,Windows
iOS,iOS
Windows,Windows
Android,Android
Windows,Windows
Mac OS,Mac OS
iOS,Mac OS
iOS,iOS
Android,Android
Windows,Windows
Mac OS,Mac OS
Windows,Windows
Windows,Windows
Android,Android
Windows,Windows
Windows,Windows
Windows,Windows
Mac OS,Mac OS
Android,Android
Windows,Windows
Mac OS,Mac OS
Android,Android
Mac OS,Mac OS
Android,Android
iOS,Mac OS
Android,Android
Mac OS,Mac OS
Android,Android
Android,Android
Android,Android
Android,Android
Android,Windows
Android,iOS
Android,Android
Mac OS,iOS
Windows,Windows
Windows,Windows
Windows,Windows Phone
Mac OS,Mac OS
iOS,iOS
Windows,Windows
Windows,Windows
Android,Android
Windows,Windows
Mac OS,iOS
Mac OS,Mac OS
Mac OS,Mac OS
Android,Android
Windows Phone,Windows
Mac OS,Mac OS
Android,Android
Mac OS,Mac OS
Windows,Windows
Android,Android
Mac OS,Mac OS
Windows Phone,Windows Phone
Windows,Windows
Mac OS,Mac OS
Mac OS,Mac OS
Windows,Windows
Windows,Windows
Mac OS,Mac OS
Mac OS,Mac OS
Android,Android
Android,Android
iOS,iOS
Android,Android
Windows,Windows
Mac OS,Mac OS
Android,Android
Windows,Android
Windows,Windows
Android,Android
Windows,Windows
iOS,iOS
Android,Android
Windows,Windows
Windows,Mac OS
Android,Android
Android,Android
Mac OS,Mac OS
Android,Android
Windows,Windows
Android,Android
Windows,Windows
Android,Android
Windows,Windows
Android,Android
Windows,Windows
Mac OS,Mac OS
iOS,Mac OS
Android,Android
Windows,Windows
Mac OS,Mac OS
Android,Android
Mac OS,Windows
Android,Android
Mac OS,Mac OS
Windows,Windows
Windows Phone,Windows Phone
Mac OS,Android
Android,Android
Android,Android
Windows,Windows
Mac OS,Mac OS
Android,Android
Android,Android
Android,Android
Android,Android
Android,Android
Mac OS,Mac OS
Windows Phone,Windows Phone
Mac OS,Mac OS
iOS,Mac OS
Windows,Windows
Mac OS,Mac OS
Android,Android
Mac OS,iOS
Android,Android
Windows,Windows
Mac OS,Mac OS
Windows Phone,Windows Phone
Windows,Windows
Windows,Windows
Android,Android
Windows,Windows
iOS,iOS
Windows,Windows
Android,Android
iOS,iOS
Mac OS,Mac OS
iOS,iOS
Android,Android
Windows,Windows
Windows,Windows
Android,Android
Android,Android
Android,Android
Windows,Windows
Android,Android
Android,Android
Windows,Windows
Windows,Windows
Windows,Windows
Windows,Windows
iOS,iOS
Android,Android
Windows,Windows
Windows,Windows
Windows,Windows
iOS,iOS
Mac OS,Mac OS
Android,Android
Mac OS,Mac OS
Windows Phone,Windows
iOS,Android
Mac OS,iOS
Windows Phone,Windows Phone
Android,Android
Windows Phone,Windows Phone
Android,Android
Android,Android
Android,Android
Windows,Windows
Windows,Windows
Android,Android
iOS,Mac OS
Android,Android
Windows,Windows
Windows,Windows
Mac OS,Mac OS
Windows Phone,Windows Phone
Android,Android
Android,Android
Mac OS,Mac OS
iOS,iOS
Android,Android
Windows,Windows
Windows,Windows
Mac OS,Mac OS
iOS,iOS
Mac OS,Mac OS
Windows,Windows
Windows,Windows
Android,Android
Android,Android
Windows,Windows
Windows,Windows
Mac OS,Mac OS
Android,Android
Windows,Windows
Android,Android
Windows,Windows
Android,Android
Android,Android
Android,Android
Android,Android
Mac OS,Mac OS
Windows,Windows
Mac OS,Mac OS
Android,Android
Android,Android
Windows,Windows
Android,Android
Windows,Android
Android,Android
Windows,Windows
Windows,Windows
iOS,iOS
iOS,Mac OS
Windows,Windows
Mac OS,Mac OS
Windows,Windows
Windows,Windows
Windows,Windows
iOS,Mac OS
Windows,Windows
Mac OS,Mac OS
Mac OS,Mac OS
Windows Phone,Windows Phone
Mac OS,Mac OS
Windows,Windows
Android,Android
Windows,Windows
iOS,Android
Android,Android
Android,Android
iOS,iOS
Windows,Windows
Windows,Windows
Mac OS,Mac OS
Windows,Windows
Windows,Windows
Android,Android
iOS,Android
Windows,Windows
Mac OS,Mac OS
Android,Android
Windows,Windows
Android,Android
Mac OS,Mac OS
Android,Android
Mac OS,Mac OS
Windows,Windows
Windows,Windows
Android,Android
Android,iOS
iOS,iOS
Windows,Windows
Android,Android
Windows,Windows
Windows,Windows
Windows,Windows
Mac OS,Mac OS
Mac OS,Mac OS
Android,Android
Android,Android
Android,Android
Windows,Windows
Mac OS,Mac OS
Windows,Windows
Android,Android
Android,Android
Windows,Windows
Windows,Windows
Android,Android
Windows,Windows
Mac OS,Mac OS
Mac OS,iOS
Windows,Windows
Android,Android
Android,Android
Windows,Windows
Windows Phone,Windows Phone
iOS,iOS
Windows,Windows
Android,Android
Android,Android
Windows,Windows
Android,Android
Android,Android
iOS,Mac OS
iOS,iOS
iOS,iOS
Mac OS,Mac OS
Android,iOS
Mac OS,Mac OS
Android,Android
Android,Mac OS
Android,Mac OS
Windows,Windows
Mac OS,Mac OS
Mac OS,Mac OS
Windows,Windows
Windows,Windows
Android,Android
Windows,Windows
Windows,Windows
Android,Android
Android,Android
Windows,Windows
Android,Android
Android,Android
Android,Android
Mac OS,Mac OS
Android,Android
Mac OS,Mac OS
iOS,Mac OS
Android,Android
Android,Android
Mac OS,Mac OS
Windows,Windows
Android,Android
Windows,Windows
Windows,Windows
Mac OS,Mac OS
Mac OS,Mac OS
Mac OS,Mac OS
Mac OS,Mac OS
iOS,iOS
iOS,Mac OS
Mac OS,Mac OS
Android,Android
Windows,Windows
Android,Android
Windows,Windows
Windows,Windows
iOS,iOS
Windows,Windows
iOS,Mac OS
Windows,Windows
Windows,Windows
Windows,Windows
Mac OS,Mac OS
Windows,Windows
Windows Phone,Windows Phone
Android,Android
Windows,Windows
Android,Android
Windows,Windows
Windows,Windows
Android,Android
Mac OS,Mac OS
Android,Android
Android,Android
Android,Android
Mac OS,Mac OS
Android,Android
iOS,Mac OS
Android,Android
Android,iOS
Android,Android
Android,Android
iOS,Mac OS
Android,Android
Windows,Windows
Mac OS,Mac OS
Android,Android
Windows,Windows
Windows,Windows
Mac OS,Mac OS
Windows,Windows
Android,Android
Mac OS,Mac OS
Windows,Windows
Windows,Windows
Android,Android
Android,Android
Windows,Windows
Mac OS,Mac OS
Android,Android
Android,Android
Android,Android
Mac OS,Mac OS
Android,Android
Android,Android
Mac OS,Mac OS
Mac OS,Mac OS
Mac OS,Mac OS
Windows,Windows
Windows,Windows
Windows,Windows
Mac OS,iOS
Windows,Windows
Mac OS,Mac OS
Mac OS,iOS
Android,Android
Windows,Windows
Android,Android
Mac OS,iOS
Windows,Windows
Android,Android
iOS,iOS
Mac OS,Mac OS
iOS,iOS
Windows,Windows
iOS,Mac OS
Mac OS,Mac OS
Mac OS,Mac OS
Android,Android
Windows Phone,Windows
Windows Phone,Windows Phone
Windows,Windows
Mac OS,Mac OS
Windows,Windows
Android,Android
iOS,iOS
Mac OS,Mac OS
Windows Phone,Windows Phone
Android,Android
Android,Android
Mac OS,Mac OS
Android,Android
Android,Android
Windows,Windows
Android,Android
Android,Android
Mac OS,iOS
Mac OS,Mac OS
iOS,Mac OS
Android,Android
Windows,Windows
Windows,Windows
Windows,Windows
Android,Windows
Android,Android
iOS,iOS
Mac OS,Mac OS
Android,Android
Mac OS,Mac OS
Android,Android
Android,Android
Windows,Windows
Windows Phone,Windows Phone
Windows,Windows
Android,Android
Android,Android
Android,Android
Android,Android
Windows,Windows
Windows,Windows
Mac OS,Mac OS
Windows,Windows
Android,Android
Mac OS,Mac OS
Windows,Windows
Windows,Windows
Mac OS,Mac OS
Mac OS,Mac OS
Windows,Windows
Mac OS,Mac OS
Windows,Windows
Android,Android
Android,Android
Android,Android
Mac OS,Mac OS
Windows,Windows
Windows,Windows
Android,Android
iOS,iOS
Android,iOS
iOS,iOS
Mac OS,iOS
Windows,Windows
Mac OS,Mac OS
Android,Android
Windows,Windows
Android,Android
Android,Android
Android,Android
iOS,Mac OS
iOS,Mac OS
Android,Android
Windows,Windows
Mac OS,Mac OS
Windows,Windows
Windows,Windows
Windows,Windows
Windows,Windows
iOS,iOS
Windows,Windows
Mac OS,Mac OS
Android,Android
Android,Android
Windows,Windows Phone
Windows,Windows
Mac OS,Mac OS
Mac OS,Mac OS
iOS,iOS
Mac OS,Mac OS
Windows,Windows
iOS,Android
Windows,Windows
Android,Android
Android,Android
Mac OS,Mac OS
Windows Phone,Windows
Android,iOS
Android,Android
iOS,Windows
Android,Android
iOS,Mac OS
Android,Android
iOS,Mac OS
Windows,Windows
Android,Android
Mac OS,Mac OS
Windows,Windows
Android,Android
Windows,Windows
Mac OS,Mac OS
Mac OS,Mac OS
iOS,iOS
Android,Android
Windows,Windows
Android,Android
Windows,Windows
Mac OS,Mac OS
Windows,Windows
Windows,Windows
Mac OS,Mac OS
Mac OS,Mac OS
Android,Android
Android,Android
Mac OS,Mac OS
Android,Android
Windows,Windows
Windows,Mac OS
Windows Phone,Windows Phone
Android,Android
Windows,Windows
Android,Android
Mac OS,Mac OS
Windows,Windows
Mac OS,Mac OS
Android,Android
Windows,Windows
Windows,Windows
Windows,Windows
Mac OS,Mac OS
Windows,Windows
Android,Android
Windows,Windows
iOS,Mac OS
Mac OS,iOS
Android,Android
Mac OS,Mac OS
Android,Android
Mac OS,Mac OS
iOS,iOS
iOS,Mac OS
Windows,Windows
Windows Phone,Windows Phone
Android,Android
Windows,Windows
Mac OS,Mac OS
Android,Android
Android,Android
Mac OS,Mac OS
Mac OS,Mac OS
iOS,iOS
Android,Android
Mac OS,Mac OS
Android,Android
Android,Android
Android,Android
Android,Android
Windows,Windows
Windows,Windows
Android,Android
Windows,Windows
Windows,Windows
Android,Android
iOS,iOS
iOS,Android
Windows,Windows
Mac OS,Mac OS
Android,Android
iOS,Mac OS
Windows,Windows
Windows Phone,Windows Phone
Android,Android
iOS,Mac OS
Windows,Windows
iOS,Mac OS
Windows,Windows
Windows,Windows
Android,Android
Windows,Windows
iOS,Mac OS
Android,Android
Windows Phone,Windows Phone
Mac OS,Mac OS
Windows,Windows
Windows,Windows
Android,Android
iOS,iOS
Mac OS,Mac OS
Windows,Windows
Windows,Windows
Android,Android
Windows,Windows
Mac OS,Mac OS
Android,Android
Android,Android
Android,iOS
Windows,Windows
Windows,Windows
Android,Android
Android,Android
Windows,Windows
Windows,Windows
Windows,Windows
iOS,iOS
Windows,Windows
Mac OS,Mac OS
Android,Android
Android,Android
Windows,Windows
Android,Android
Windows Phone,Windows
Windows,Windows
Mac OS,Mac OS
Android,Android
Windows,Mac OS
Mac OS,Mac OS
Mac OS,Mac OS
Mac OS,Mac OS
Android,Android
Windows,Windows
Android,Android
Windows,Windows
iOS,Mac OS
Windows,Windows
Android,Android
Windows,Windows
Android,Android
Android,Android
Windows,Windows
Windows,Windows
Mac OS,Mac OS
Windows,Windows
Windows Phone,Windows Phone
Windows,Android
Android,Android
Windows,Windows
Mac OS,Mac OS
Windows,Windows
Windows,Windows
Windows,Windows
Windows,Windows
Android,Android
Mac OS,Mac OS
Mac OS,Mac OS
Android,Android
iOS,Mac OS
Android,Android
Windows,Windows Phone
Windows,Windows
Android,Android
Windows,Windows
Android,Android
Mac OS,Mac OS
Android,Android
Android,Android
Mac OS,Mac OS
Android,Android
Mac OS,iOS
Windows,Windows
Windows,Windows Phone
Windows,Windows
Android,Android
iOS,iOS
Android,Android
Windows,Windows
iOS,Mac OS
Windows,Windows
Android,Android
Android,Android
Windows,Windows
Android,Android
Android,Android
Mac OS,Mac OS
Windows,Windows
Mac OS,Mac OS
Windows,Windows
Windows,Windows
Mac OS,Mac OS
Android,Android
Android,Android
iOS,Mac OS
Windows,Windows
Windows,Windows
Windows,Windows
Windows,Windows
Mac OS,Mac OS
Mac OS,Mac OS
Android,iOS
Android,Android
Android,Android
Android,Android
Windows,Windows
Mac OS,Mac OS
Android,Android
Windows,Windows
Android,Android
iOS,iOS
Windows,Windows
Android,Android
Windows,Windows
Android,Android
Android,Android
Windows Phone,Windows Phone
Mac OS,Mac OS
Mac OS,Mac OS
Windows,Windows
Mac OS,Mac OS
Android,Android
Windows,Windows
Windows,Windows
iOS,Mac OS
Android,Android
iOS,iOS
Windows,Windows
Android,Android
iOS,Mac OS
Windows,Windows
iOS,iOS
Mac OS,Mac OS
Mac OS,Mac OS
iOS,iOS
iOS,Mac OS
Mac OS,Mac OS
Windows Phone,Windows
Android,Android
iOS,Mac OS
Android,Android
Android,Android
Windows Phone,Windows Phone
Android,Android
iOS,Mac OS
iOS,iOS
Android,Android
Mac OS,Mac OS
Windows,Windows
Windows,Windows
Windows,Windows
Android,Android
Windows,Windows
Android,Android
Mac OS,Mac OS
iOS,iOS
iOS,iOS
Mac OS,Mac OS
iOS,iOS
Android,Android
Windows,Windows
Android,Android
Android,Android
Mac OS,Mac OS
Windows,Windows
Windows,Windows
Android,Android
Android,Android
Windows,Windows
Android,Android
Windows,Windows
Windows Phone,Windows Phone
Windows Phone,Windows Phone
Windows Phone,Windows Phone
Windows,Windows
Android,Android
Android,Android
Android,Android
Android,Android
Mac OS,Mac OS
Windows,Windows
Windows,Windows
Android,Android
Android,Android
Android,Android
Android,Android
iOS,iOS
Mac OS,Mac OS
Android,Android
Windows,Windows
Mac OS,Mac OS
Android,Android
Mac OS,Mac OS
Mac OS,Mac OS
Android,Android
Windows,Windows
iOS,Mac OS
Android,Android
Android,Android
Windows,Windows
Windows,Windows
Mac OS,Mac OS
Windows,Windows
Windows,Windows
Mac OS,Mac OS
Mac OS,Mac OS
Android,Android
iOS,Android
Mac OS,Mac OS
Windows,Windows
Mac OS,Mac OS
Android,Android
Android,Android
Windows,Windows
Android,Android
Android,Android
Mac OS,Mac OS
Android,Android
Windows,Windows
Mac OS,Mac OS
Mac OS,Mac OS
Windows,Windows
Android,iOS
Android,Android
Android,Android
Android,Android
Android,Android
Android,Android
Windows,Windows
Windows,Windows
Windows,Windows
Android,Android
Android,Android
Mac OS,Mac OS
Android,Android
Windows,Windows
Android,Android
Android,iOS
Android,Android
Windows,Windows
Mac OS,Mac OS
Android,Android
Mac OS,Mac OS
Mac OS,Mac OS
Windows,Windows
Windows,Windows
Android,Android
Mac OS,Mac OS
iOS,iOS
Mac OS,Mac OS
Windows,Windows
Mac OS,Mac OS
Windows,Windows Phone
Windows,Windows
Android,Android
Mac OS,Mac OS
Android,Android
Windows,Windows
Windows,Windows
Android,Android
Mac OS,Mac OS
Android,Android
Android,Android
Windows Phone,Windows Phone
Windows,Windows
Windows,Windows
Windows,Windows
Windows,Windows
Windows,Windows
Windows,Windows
Mac OS,Mac OS
Windows Phone,Windows Phone
Windows Phone,Windows Phone
Android,Android
Windows,Windows
Windows Phone,Windows Phone
Windows,Windows
Mac OS,Android
Android,Android
Mac OS,Mac OS
Windows,Windows
Android,Android
Android,Android
Android,Android
Mac OS,Mac OS
Mac OS,Mac OS
Windows,Windows
Android,Android
Windows,Android
Mac OS,Mac OS
iOS,iOS
Windows,Windows
Mac OS,Mac OS
Windows,Windows
Mac OS,Mac OS
Windows,Windows
Windows,Windows
Android,Android
Windows,Windows
Windows,Windows
Android,Android
Android,Android
Windows,Windows
Mac OS,Mac OS
Mac OS,Mac OS
Windows,Windows
Android,Android
Windows,Windows
Android,Android
Android,Android
Android,Android
Android,iOS
Mac OS,Mac OS
Mac OS,Mac OS
iOS,iOS
iOS,Android
Windows Phone,Windows Phone
Windows,Windows
Windows,Windows
Windows,Windows
Windows,Windows
Windows Phone,Windows Phone
Mac OS,Mac OS
Android,Android
Windows,Windows
Android,Android
Windows Phone,Windows Phone
Android,Android
Android,Android
Windows Phone,Windows Phone
Mac OS,Mac OS
iOS,Mac OS
Windows,Windows
Android,Android
Windows,Windows
Windows,Windows
Android,Android
Mac OS,Mac OS
Mac OS,Mac OS
Android,Android
Mac OS,Mac OS
Windows,Windows
Mac OS,Mac OS
Android,Android
Windows,Windows
Android,Android
Mac OS,Mac OS
Android,Android
Android,Android
Windows,Windows
Windows Phone,Windows
Android,Android
iOS,iOS
Android,Android
Windows,Windows Phone
Android,Windows
Mac OS,Mac OS
Windows,Windows
Windows,Windows
Windows,Windows
Android,Android
Android,Android
Mac OS,Mac OS
Windows,Windows
iOS,iOS
Android,Android
iOS,iOS
iOS,Mac OS
Mac OS,Mac OS
iOS,Mac OS
Windows,Windows
Android,Android
iOS,iOS
Mac OS,Mac OS
Mac OS,Mac OS
Mac OS,Mac OS
Android,Android
Mac OS,Mac OS
Android,Android
Windows,Windows
Windows,Windows
Windows,Windows
Windows,Windows
Mac OS,Mac OS
Mac OS,Mac OS
Mac OS,Mac OS
Windows,Windows
Android,Android
Android,Android
Windows,Windows
Android,Android
Mac OS,Mac OS
Android,Android
Mac OS,iOS
Windows,Windows
iOS,Mac OS
Mac OS,Android
Windows,Windows
Android,Android
Windows,Windows
Android,Android
iOS,iOS
iOS,Mac OS
Mac OS,Mac OS
Android,Android
Windows,Windows
Mac OS,Mac OS
Mac OS,Mac OS
Mac OS,Mac OS
iOS,iOS
Windows,Windows
Mac OS,Mac OS
Windows,Windows
Mac OS,Mac OS
Windows,Windows
Android,Android
Android,Android
Windows,Windows
iOS,iOS
Android,Android
Android,iOS
Android,Android
Mac OS,Mac OS
Mac OS,Mac OS
iOS,Mac OS
Windows,Windows
Mac OS,Mac OS
Mac OS,Mac OS
Windows,Windows
Android,Android
Mac OS,Mac OS
Mac OS,Mac OS
iOS,iOS
Android,Android
Windows,Windows
Mac OS,Mac OS
Android,Android
Windows,Windows
Windows,Windows
Android,Android
Android,Android
Android,Android
Android,Android
iOS,Mac OS
Android,Android
Windows,Windows
Android,Android
Android,Android
Android,Android
Mac OS,Mac OS
Mac OS,Mac OS
Mac OS,iOS
Windows,Windows
Windows,Windows
iOS,iOS
Android,iOS
Mac OS,Mac OS
Windows,Windows
Windows,Windows
Windows,Windows
Android,Android
Windows Phone,Windows Phone
iOS,Mac OS
Windows Phone,Windows
Windows,Windows
Windows,Windows
Android,Android
Mac OS,Mac OS
Windows,Windows
Android,Android
Windows,Windows
Android,Android
Windows,Windows
Windows,Windows
Android,Android
iOS,Mac OS
Mac OS,Mac OS
Windows,Android
Android,Android
Mac OS,Mac OS
Windows Phone,Windows Phone
Mac OS,Mac OS
Mac OS,Mac OS
Mac OS,Mac OS
Windows,Windows
Android,Android
Mac OS,Mac OS
Windows,Windows
Mac OS,Mac OS
Mac OS,Mac OS
Windows,Windows
Mac OS,Mac OS
iOS,iOS
Windows,Windows
Windows,Windows
iOS,iOS
Windows,Windows
Android,Android
iOS,iOS
Android,Android
Mac OS,Mac OS
Windows,Windows
Windows,Windows
Android,Android
Mac OS,Mac OS
Mac OS,Mac OS
Android,Android
Windows Phone,Windows Phone
Windows,Windows
iOS,iOS
Android,Android
Mac OS,Mac OS
Windows,Windows
Windows,Windows
Mac OS,Mac OS
Mac OS,Mac OS
Android,Android
Windows,Windows
Windows,Windows
Android,Android
Windows,Windows
iOS,iOS
Android,Android
Android,Android
Mac OS,Mac OS
Android,Android
iOS,Mac OS
Android,Android
Android,Android
Android,Android
Mac OS,Mac OS
Android,Android
Windows,Windows
Android,Android
Mac OS,iOS
Windows,Windows
Windows,Windows
Windows,Windows
Mac OS,Mac OS
Android,Android
Android,Android
Android,Android
Android,Android
Mac OS,Mac OS
Android,Android
iOS,iOS
Android,Android
Mac OS,Mac OS
Windows Phone,Windows
Windows,Windows
Android,Android
Windows,Windows
Android,Android
Android,Android
Android,Android
Windows,Windows
Mac OS,Mac OS
Android,iOS
iOS,iOS
Android,Android
Android,Android
Windows,Windows
Windows,Windows
Android,Android
Android,Android
Android,Android
Windows,Windows
Windows,Windows
Android,Android
Android,Android
Mac OS,Mac OS
Mac OS,Mac OS
Windows,Windows
Windows,Windows
Android,Android
Mac OS,Mac OS
Android,Android
Windows,Windows
Mac OS,Mac OS
Mac OS,Mac OS
Windows,Windows
Mac OS,Mac OS
Windows,Windows
iOS,Android
Android,Android
Windows,Windows
Mac OS,Mac OS
iOS,Mac OS
Android,Android
Android,Android
Windows,Windows
Windows,Windows
Mac OS,Mac OS
Windows,Windows
Android,Android
Windows,Windows
Mac OS,Mac OS
Mac OS,Mac OS
Windows,Windows
Windows,Windows
iOS,iOS
Android,Android
Android,Android
Windows,Windows
Windows,Windows
Windows,Windows
Windows,Windows
Mac OS,Mac OS
Android,Android
Mac OS,Mac OS
Android,Android
Windows,Windows
Mac OS,Mac OS
Windows Phone,Windows Phone
Android,Android
iOS,Mac OS
Android,Android
Android,Android
Windows,Windows
iOS,Mac OS
Windows,Windows
Mac OS,Windows
Windows,Windows
Windows,Windows
Windows,Windows
Android,iOS
Windows,Windows
Android,iOS
iOS,Mac OS
Mac OS,Mac OS
Android,Android
Windows Phone,Windows Phone
Mac OS,iOS
Mac OS,Mac OS
Android,Android
Windows,Windows
iOS,Mac OS
Mac OS,iOS
Android,Android
Mac OS,Mac OS
Windows,Windows
Android,Android
Windows,Windows
Windows,Windows
Windows,Windows
Windows,Windows
Windows,Windows
Mac OS,Mac OS
Android,Android
Windows,Windows
Mac OS,iOS
Windows,Windows
iOS,iOS
Windows,Windows
Android,Android
Mac OS,Mac OS
Android,Android
Windows,Windows
Mac OS,Mac OS
Windows,Windows
Mac OS,Mac OS
Mac OS,Mac OS
Windows,Windows Phone
Windows,Windows
Android,Android
Android,Android
Android,Android
iOS,iOS
iOS,Mac OS
Mac OS,Mac OS
Windows,Windows
Windows,Windows
Android,Android
Android,Windows
Mac OS,Mac OS
iOS,Mac OS
Windows,Windows
Android,Android
Windows,Windows
iOS,Mac OS
Mac OS,Mac OS
Mac OS,Mac OS
Android,Android
iOS,iOS
Android,Android
Windows,Windows
Windows,Mac OS
Windows,Windows
iOS,Mac OS
Windows,Windows
Windows,Windows
iOS,iOS
iOS,Mac OS
Windows,Windows
Android,Android
Mac OS,Mac OS
Android,Android
Mac OS,Mac OS
Mac OS,Mac OS
iOS,Mac OS
Android,Android
Windows,Windows
iOS,iOS
Android,Android
Android,Android
Android,Android
Android,Android
Android,Android
Windows,Windows
Android,Android
Android,Android
iOS,iOS
iOS,iOS
iOS,Android
Mac OS,Mac OS
iOS,Mac OS
Windows,Windows
Windows,Windows
Windows,Windows
Android,Android
Android,Android
Android,Android
Mac OS,Mac OS
Mac OS,Mac OS
Windows,Android
iOS,iOS
Mac OS,Mac OS
Windows,Windows Phone
Mac OS,Mac OS
Android,Android
Windows,Windows
Android,Android
Windows,Windows
Android,Android
Mac OS,Mac OS
iOS,Mac OS
Android,Android
Windows,Windows
Android,Android
Mac OS,Mac OS
Windows,Windows
Android,Android
Mac OS,Mac OS
Windows,Windows
Mac OS,Mac OS
Android,Android
Android,Android
iOS,iOS
Windows Phone,Windows Phone
Android,Android
Android,Android
Android,Android
Windows,Windows
Windows,Windows
Android,Android
Windows,Windows
Android,Android
Windows,Windows Phone
Windows,Windows
Windows,Windows
Mac OS,iOS
Windows,Windows
Mac OS,Mac OS
Android,Android
Android,Android
Mac OS,Mac OS
Mac OS,Mac OS
Android,Android
Windows,Windows
Windows,Windows
Windows Phone,Windows Phone
Android,Android
Mac OS,Mac OS
Mac OS,Mac OS
Android,Android
Windows,Windows
Windows,Windows
Windows,Windows
Mac OS,Mac OS
Mac OS,Mac OS
Windows,Windows
Windows,Windows
Windows,Windows
Windows,Windows
Mac OS,iOS
Windows,Windows
iOS,iOS
Mac OS,Mac OS
Mac OS,Mac OS
Android,Android
Windows Phone,Windows Phone
Windows,Windows
Mac OS,Mac OS
Android,Android
Mac OS,Mac OS
iOS,iOS
Windows,Windows
Android,Android
Android,Android
Android,Android
Android,Android
Windows,Windows
Windows,Windows
Windows,Windows
Android,Android
Windows,Windows
Mac OS,Mac OS
Android,Android
Windows,Windows
Android,Android
Windows,Windows
Mac OS,Mac OS
Android,Android
iOS,Mac OS
Windows,Windows
Windows Phone,Windows Phone
Android,Android
Android,Android
Windows,Windows
Mac OS,Mac OS
Windows Phone,Windows Phone
Windows,Windows
Windows,Windows
Android,Android
Android,Android
Android,Android
Android,Android
Mac OS,Mac OS
iOS,iOS
Mac OS,iOS
Windows,Windows
Android,Android
Android,Android
Windows,Windows
Android,Android
Android,Android
Android,Android
Windows,Windows
Windows,Windows
Windows,Windows
Mac OS,Mac OS
Windows,Windows
Android,Android
Windows,Windows
Windows,Windows
Android,Android
Android,Android
Mac OS,Mac OS
Windows,Windows
Windows,Windows
Android,Android
Windows,Windows
Windows,Windows
Windows Phone,Windows Phone
Windows,Windows
Android,Android
Android,Android
Android,Android
Windows,Windows
iOS,iOS
iOS,iOS
Android,Android
Android,Android
Android,Android
Windows,Windows
Mac OS,Mac OS
Android,Android
Mac OS,Mac OS
Android,Android
Windows,Windows
Android,Android
Windows,Windows
Android,Android
Android,Android
Mac OS,Mac OS
Android,Android
Mac OS,Mac OS
Mac OS,Mac OS
Android,iOS
Windows,Windows
Android,Android
Windows,Windows
Android,Android
Mac OS,Mac OS
Mac OS,Mac OS
Android,Android
Mac OS,Mac OS
Android,Android
Mac OS,Mac OS
Mac OS,Mac OS
Android,Android
Windows,Windows
Android,Android
iOS,iOS
Mac OS,iOS
Android,Android
Android,Android
Android,Android
Mac OS,Mac OS
Windows,Windows
